アイヌ民族.json,アイヌ民族,,
ウニシ城.json,,,
クニ城.json,,,
グスク.json,グスク,,
シベチャリチャシ.json,,,
チャシ.json,チャシ,,
テミグラグスク.json,,,
フェンザグスク.json,,,
フルスト原遺跡.json,フルスト原遺跡,124.19344444,24.35277778
ミントングスク.json,,,
モシリヤチャシ.json,モシリヤチャシ,144.395916,42.983668
一之森城.json,一之森城,132.63805556,33.27555556
一乗寺城.json,一乗寺城,136.80416667,36.6375
一乗谷朝倉氏遺跡.json,一乗谷朝倉氏遺跡,136.29556389,35.99949167
一宇治城.json,一宇治城,,
一宮城 (上総国).json,一宮城 (上総国),,
一宮城 (尾張国).json,一宮城 (尾張国),136.80180556,35.30169444
一宮城 (阿波国).json,一宮城 (阿波国),134.46308333,34.03405556
一戸城.json,一戸城,141.30480556,40.21755556
一方井城.json,一方井城,141.16461111,39.97
一柳城.json,一柳城,137.01822222,35.59163889
一瀬城.json,,,
一関城.json,一関城,,
七尾城 (石見国).json,七尾城 (石見国),,
七尾城.json,七尾城,136.98391667,37.00903611
七戸城.json,七戸城,141.14888889,40.69805556
七曲城.json,,,
七条城.json,七条城,,
万喜城.json,万喜城,140.32675,35.29705556
三ツ山城.json,三ツ山城,,
三井城.json,三井城,136.84666667,35.38777778
三入高松城.json,三入高松城,,
三刀屋城.json,三刀屋城,,
三原城 (安房国).json,,,
三原城.json,三原城,133.08265833,34.40128333
三国湊城.json,三国湊城,,
三城城.json,三城城,,
三宅城.json,三宅城,,
三宅御土居.json,三宅御土居,,
三崎城.json,三崎城,139.62136111,35.144
三戸城.json,三戸城,,
三日城.json,,,
三星城.json,三星城,134.14419444,35.01130556
三春城.json,三春城,140.4965,37.44255556
三木城 (紀伊国).json,三木城 (紀伊国),,
三木城.json,三木城,,
三条城.json,三条城,,
三枚橋城.json,三枚橋城,,
三沢城.json,三沢城,,
三津ヶ崎本陣山城.json,,,
三滝城.json,三滝城,132.799275,33.409575
三瀬城.json,三瀬城,,
三田城.json,三田城,135.22114,34.88688361
三石城.json,三石城,,
三箇城.json,三箇城,,
三芦城.json,三芦城,,
三角山城.json,,,
三重城.json,三重城,,
三隅城.json,,,
三雲城.json,,,
上のつづ城.json,,,
上ノ山城.json,上ノ山城,,
上ノ郷城.json,上ノ郷城,137.22520833,34.84226389
上伊良原城.json,,,
上原城.json,上原城,138.14858333,36.00916667
上原館.json,上原館,131.61327778,33.22380556
上口内城.json,,,
上名久井館.json,上名久井館,141.32783333,40.416
上山城.json,上山城,,
上平寺城.json,,,
上庄北城.json,上庄北城,,
上月城.json,上月城,134.32388889,34.97555556
上杉館.json,上杉館,,
上条城 (三河国).json,上条城 (三河国),,
上条城 (尾張国).json,上条城 (尾張国),136.98425,35.23955556
上条城 (常陸国).json,上条城 (常陸国),,
上条城 (越後国).json,,,
上桜城.json,上桜城,,
上比屋城.json,,,
上津城.json,上津城,,
上田城.json,上田城,138.24479444,36.40392222
上茜部城.json,上茜部城,,
上菱野城.json,上菱野城,,
上見城.json,上見城,136.88277778,36.49861111
上赤坂城.json,上赤坂城,,
上里城.json,,,
上野原城.json,上野原城,,
上野城 (伊勢国).json,上野城 (伊勢国),,
上須々孫館.json,,,
下之一色城.json,下之一色城,,
下切館.json,下切館,137.05558333,35.40863889
下大留城.json,下大留城,137.016,35.25572222
下奈良城.json,下奈良城,,
下津井城.json,下津井城,133.79561667,34.44057222
下田中城.json,下田中城,,
下田原城.json,下田原城,,
下田城 (伊豆国).json,下田城 (伊豆国),,
下田城.json,下田城,,
下田館.json,下田館,141.15619444,39.84783333
下赤坂城.json,下赤坂城,,
下館城.json,下館城,139.97744444,36.31577778
不動ガ嶽城.json,不動ガ嶽城,,
与板城 (戦国時代).json,与板城 (戦国時代),,
与板陣屋.json,与板陣屋,,
与那嶺城.json,,,
世田山城.json,,,
世田米城.json,世田米城,141.57855556,39.13555556
世田谷城.json,世田谷城,,
中丸城.json,,,
中久喜城.json,中久喜城,139.83938889,36.30255556
中城城.json,中城城,127.80136111,26.28419444
中尾城.json,中尾城,,
中山城 (下総国).json,,,
中山城 (出羽国).json,中山城 (出羽国),140.21219444,38.12644444
中山城 (日向国).json,中山城 (日向国),131.29944444,32.69594444
中山王国.json,中山王国,,
中峠城.json,中峠城,140.07603333,35.87577778
中島城 (備前国).json,,,
中島城.json,中島城,,
中市館.json,中市館,141.25819444,40.50219444
中新田城.json,,,
中村城 (下野国).json,中村城 (下野国),139.95703889,36.40930278
中村城 (土佐国).json,中村城 (土佐国),,
中村城 (陸奥国).json,中村城 (陸奥国),,
中村山城 (紀伊国).json,中村山城 (紀伊国),,
中村山城 (越中国).json,中村山城 (越中国),136.93111111,36.87166667
中津城 (紀伊国).json,中津城 (紀伊国),,
中津城.json,中津城,,
中浦城.json,,,
中道子山城.json,,,
中野城 (上野国).json,中野城 (上野国),139.465,36.26566667
中野城 (下総国).json,中野城 (下総国),140.26569444,35.58219444
中野城 (出羽国).json,中野城 (出羽国),,
中野城 (紀伊国).json,中野城 (紀伊国),135.13975,34.25611111
中野館 (陸奥国).json,中野館 (陸奥国),141.16205556,39.69419444
串木野城.json,,,
丸亀城.json,丸亀城,133.80009722,34.28628611
丸子城 (信濃国).json,丸子城 (信濃国),138.26355556,36.31730556
丸子城 (駿河国).json,丸子城 (駿河国),138.32838889,34.95138889
丸山城 (上総国).json,,,
丸山城 (伊賀国).json,丸山城 (伊賀国),,
丸山城 (因幡国邑美郡).json,丸山城 (因幡国邑美郡),,
丸山城 (因幡国高草郡).json,丸山城 (因幡国高草郡),,
丸山城 (摂津国有馬郡).json,丸山城 (摂津国有馬郡),,
丸山城 (摂津国能勢郡).json,丸山城 (摂津国能勢郡),,
丸山城 (播磨国).json,,,
丸山城 (石見国).json,丸山城 (石見国),,
丸岡城 (出羽国).json,丸岡城 (出羽国),139.83163889,38.68122222
丸岡城.json,丸岡城,136.27214444,36.15242222
丸森城.json,丸森城,140.77505556,37.91052778
久々利城.json,久々利城,137.11358333,35.40483333
久々城.json,,,
久下田城.json,久下田城,,
久保田城 (上総国).json,久保田城 (上総国),,
久保田城.json,久保田城,,
久場嘉城.json,,,
久寺家城.json,久寺家城,,
久川城.json,久川城,,
久志城.json,,,
久慈城.json,久慈城,141.71,40.1925
久留米城.json,久留米城,130.50777222,33.328425
久留里城.json,久留里城,,
久礼城.json,,,
久能山東照宮.json,久能山東照宮,138.46759167,34.96485278
久野城 (遠江国).json,,,
乙子城.json,乙子城,134.039425,34.63043333
乙部館.json,乙部館,141.19980556,39.61075
九之坪城.json,九之坪城,136.87422222,35.238
九戸城.json,九戸城,141.30444444,40.2675
九鬼城.json,九鬼城,,
亀ヶ崎城.json,,,
亀尾城.json,,,
亀居城.json,亀居城,132.21622222,34.24041667
亀山城 (三河国).json,亀山城 (三河国),137.42330556,34.96380556
亀山城 (丹波国).json,亀山城 (丹波国),135.5812,35.01356111
亀山城 (伊勢国).json,亀山城 (伊勢国),136.45059167,34.85614722
亀山城 (備前国).json,亀山城 (備前国),134.03638889,34.70666667
亀山城 (備後国).json,亀山城 (備後国),133.20830556,34.9915
亀山城 (紀伊国).json,亀山城 (紀伊国),135.15463889,33.91097222
亀山城 (長門国).json,亀山城 (長門国),131.18330556,34.37155556
亀後城.json,,,
亀浦城.json,,,
亀田城.json,,,
亀頭山城.json,亀頭山城,,
二上山城 (大和国).json,二上山城 (大和国),,
二上山城.json,二上山城,134.31894444,35.54036111
二俣城.json,二俣城,,
二子城.json,二子城,141.13855556,39.33166667
二曲城.json,二曲城,,
二本松城.json,二本松城,,
二条城.json,二条城,135.7475,35.01415556
二田城.json,二田城,,
二連木城.json,二連木城,137.41484722,34.77001389
五ヶ所城.json,,,
五十公野城.json,五十公野城,,
五品嶽城.json,,,
五本松城.json,五本松城,,
五条二見城.json,,,
五稜郭.json,五稜郭,140.75696111,41.7969
五龍城.json,五龍城,,
井上城 (信濃国).json,井上城 (信濃国),,
井上城.json,井上城,131.65405556,32.56480556
井伊谷城.json,井伊谷城,137.67063889,34.83688889
井口城.json,井口城,136.93069444,36.54458333
井川館.json,井川館,137.96455556,36.22230556
井波城.json,井波城,136.97416667,36.55944444
井田城 (三河国).json,井田城 (三河国),137.16466667,34.97672222
亘理城.json,亘理城,140.85111111,38.03361111
交野城.json,交野城,,
亥鼻城.json,亥鼻城,140.13033333,35.60408333
人吉城.json,人吉城,130.76649167,32.21108333
人首城.json,,,
仁保城.json,仁保城,132.49044444,34.36644444
仁宇城.json,仁宇城,,
今城 (えびの市).json,今城 (えびの市),,
今城 (下総国).json,今城 (下総国),139.99194444,35.93194444
今城 (美濃国).json,今城 (美濃国),137.05111111,35.38036111
今帰仁城.json,今帰仁城,127.92977778,26.69077778
今村城 (尾張国).json,今村城 (尾張国),137.07263889,35.21827778
今江城.json,,,
今治城.json,今治城,133.00680556,34.06333611
今泉城 (上総国).json,,,
今泉城 (下総国).json,,,
今泉城 (常陸国).json,,,
今泉城 (越中国).json,今泉城 (越中国),137.21388889,36.66972222
今泉城 (陸奥国).json,今泉城 (陸奥国),,
今熊野城.json,,,
今石動城.json,今石動城,136.85852778,36.68327778
今衣山城.json,,,
仙台城.json,仙台城,140.85615556,38.25247778
仙台藩シラオイ元陣屋.json,,,
仲山城.json,,,
仲氏館.json,仲氏館,,
伊万里城.json,,,
伊丹城.json,伊丹城,,
伊佐城.json,伊佐城,139.97625,36.33105556
伊佐野城.json,伊佐野城,,
伊作城.json,伊作城,,
伊敷索城.json,,,
伊是名城.json,伊是名城,127.95191667,26.91455833
伊木山城.json,伊木山城,,
伊波城.json,伊波城,,
伊祖城.json,,,
伊計城.json,,,
伊賀上野城.json,伊賀上野城,,
伏屋城.json,伏屋城,,
伏見城.json,伏見城,135.77688889,34.93947222
伏野城.json,,,
伝法寺館.json,,,
伽羅御所.json,伽羅御所,141.11861111,38.99111111
住吉城.json,住吉城,,
佐世城.json,佐世城,,
佐井田城.json,,,
佐伯城.json,佐伯城,,
佐保来栖山砦.json,佐保来栖山砦,,
佐倉城.json,佐倉城,140.21671667,35.72198889
佐原城.json,佐原城,139.68322222,35.23827778
佐和山城.json,佐和山城,,
佐嘉飯盛城.json,佐嘉飯盛城,,
佐土原城.json,佐土原城,131.42383333,32.04783333
佐多城.json,,,
佐敷城 (琉球国).json,佐敷城 (琉球国),127.78952778,26.16244444
佐敷城 (肥後国).json,佐敷城 (肥後国),130.51630556,32.30305556
佐東銀山城.json,佐東銀山城,132.44852,34.456
佐沼城.json,佐沼城,141.19582222,38.694575
佐津間城.json,,,
佐紀城.json,,,
佐貫城.json,佐貫城,,
佐賀城.json,佐賀城,130.302125,33.24574722
佐野城.json,佐野城,139.57916667,36.31916667
作山城.json,作山城,133.99805556,34.34388889
依上城.json,依上城,,
保原陣屋.json,保原陣屋,,
保木城.json,保木城,,
保里城.json,,,
信貴山城.json,信貴山城,135.66833667,34.61273611
俣野の土居城.json,俣野の土居城,,
倉賀野城.json,倉賀野城,139.04527778,36.29416667
元城 (陸奥国).json,元城 (陸奥国),,
元木山城.json,元木山城,139.48194444,35.58527778
光城.json,光城,,
光岡城.json,,,
光明寺城 (尾張国).json,光明寺城 (尾張国),,
光明寺城 (播磨国).json,光明寺城 (播磨国),,
児山城.json,児山城,139.85239167,36.44785
児玉城 (武蔵国).json,,,
入尾城.json,入尾城,,
八丁目城.json,八丁目城,,
八上城.json,八上城,,
八代城.json,八代城,130.59989167,32.50745556
八幡山城 (美濃国).json,八幡山城 (美濃国),,
八幡山城.json,八幡山城,,
八幡神社 (かほく市森)#森城について.json,八幡神社 (かほく市森),,
八戸城.json,八戸城,141.48786111,40.514
八木城 (丹波国).json,八木城 (丹波国),,
八木城 (但馬国).json,八木城 (但馬国),,
八木城 (安芸国).json,八木城 (安芸国),,
八木山城.json,,,
八木岡城.json,八木岡城,139.99,36.41694444
八条原城.json,八条原城,,
八橋城.json,八橋城,133.67327778,35.5035
八王子城.json,八王子城,139.25211389,35.65293333
八神城.json,八神城,,
八重瀬城.json,,,
兵庫城.json,兵庫城,,
具志川城 (うるま市).json,,,
具志川城 (久米島町).json,具志川城 (久米島町),126.75111111,26.38333333
具志川城 (糸満市).json,具志川城 (糸満市),127.66436111,26.0805
具志頭城.json,,,
兼城城.json,,,
内城.json,内城,,
内山城.json,内山城,,
内木場城.json,内木場城,,
内池館.json,内池館,138.58377778,36.97930556
出島.json,出島,129.87301944,32.74351944
出水城.json,,,
出石城.json,出石城,,
出羽柵.json,出羽柵,,
刈安城.json,,,
刈谷城.json,刈谷城,136.98522222,34.98936111
初沢城.json,初沢城,,
利府城.json,利府城,,
利神城.json,利神城,,
前山城 (信濃国).json,前山城 (信濃国),,
前橋城.json,前橋城,139.06158056,36.39237222
前沢城.json,,,
前田城.json,,,
剣吉館.json,剣吉館,141.341,40.44611111
割ヶ嶽城.json,割ヶ嶽城,,
加世田城.json,,,
加久藤城.json,加久藤城,,
加古川城.json,加古川城,134.83066667,34.76855556
加徳城.json,,,
加徳支城.json,,,
加治木城.json,加治木城,,
加治田城.json,加治田城,136.99330556,35.49794444
加納城.json,加納城,,
助川海防城.json,助川海防城,,
勘次ヶ城.json,,,
勝尾城.json,勝尾城,130.46505556,33.40205556
勝山城 (下野国).json,勝山城 (下野国),139.95475,36.66761111
勝山城 (因幡国).json,,,
勝山城 (甲斐国八代郡).json,勝山城 (甲斐国八代郡),,
勝山城 (甲斐国都留郡).json,勝山城 (甲斐国都留郡),,
勝山城 (美作国).json,勝山城 (美作国),,
勝山城 (能登国).json,,,
勝山城 (越前国).json,勝山城 (越前国),,
勝山城 (越後国).json,勝山城 (越後国),,
勝山城 (長門国).json,勝山城 (長門国),130.97016667,34.03263889
勝岡城.json,,,
勝幡城.json,勝幡城,,
勝本城.json,勝本城,129.69105556,33.84930556
勝沼城.json,勝沼城,,
勝沼氏館.json,勝沼氏館,,
勝浦城.json,勝浦城,,
勝瑞城.json,勝瑞城,,
勝竜寺城.json,勝竜寺城,,
勝賀城.json,勝賀城,133.98063889,34.34052778
勝連城.json,勝連城,127.87891667,26.33019444
勢理城.json,,,
勢福寺城.json,勢福寺城,,
北ノ庄城.json,北ノ庄城,,
北尾山城.json,,,
北山王国.json,北山王国,,
北島城.json,北島城,,
北方城.json,北方城,136.69169444,35.43705556
北村城.json,,,
北条城.json,北条城,138.63396417,37.34001833
北田城.json,北田城,139.874,37.58127778
北目城.json,,,
北秋津城.json,北秋津城,,
北谷城.json,北谷城,127.76494444,26.30872222
十七条城.json,十七条城,136.65922222,35.4018
十二丁目城.json,十二丁目城,141.12908333,39.36258333
十二所城.json,,,
十八ヶ城.json,十八ヶ城,141.12119444,39.40894444
十市城.json,,,
十河城.json,十河城,134.10538889,34.26075
十神山城.json,十神山城,,
千代ヶ岱陣屋.json,千代ヶ岱陣屋,,
千代ヶ様城.json,千代ヶ様城,136.99777778,36.58138889
千徳城.json,千徳城,141.92333333,39.63805556
千早城.json,千早城,135.65119722,34.417225
千本城 (上総国).json,千本城 (上総国),140.07,35.25722222
千本城 (下野国).json,千本城 (下野国),140.14888889,36.57722222
千田城.json,千田城,,
千石堀城.json,千石堀城,,
千葉城 (肥前国).json,,,
千葉御茶屋御殿.json,,,
千賀地氏城.json,千賀地氏城,,
午房山城.json,,,
南中尾城.json,,,
南原城.json,,,
南天山城.json,南天山城,,
南山城.json,南山城,,
南山王国.json,南山王国,,
南海城.json,,,
南部陣屋.json,南部陣屋,140.71472222,41.76138889
南郷城 (加賀国).json,,,
南関城.json,,,
原城.json,原城,130.25647222,32.63330556
原田城.json,原田城,,
厨川柵.json,厨川柵,141.12122222,39.71227778
厳原城.json,,,
反町館.json,反町館,,
古処山城.json,古処山城,,
古国府城.json,古国府城,137.05275,36.79308333
古宮城.json,古宮城,137.42755556,34.97244444
古山城 (下野国).json,古山城 (下野国),139.80972222,36.72888889
古山城 (信濃国).json,古山城 (信濃国),137.94480556,36.62169444
古川城 (陸奥国).json,,,
古川城 (飛騨国).json,古川城 (飛騨国),,
古河公方館.json,古河公方館,,
古河城.json,古河城,139.69548611,36.18687778
古渡城.json,古渡城,136.90195833,35.15224722
古舘 (肥前国).json,,,
古麓城.json,古麓城,130.63861111,32.48944444
台城 (琉球国).json,,,
右田ヶ岳城.json,右田ヶ岳城,131.55694444,34.08652778
吉備津神社 (福山市).json,吉備津神社 (福山市),133.27106944,34.56933611
吉岡城 (信濃国).json,吉岡城 (信濃国),,
吉岡城 (大和町).json,,,
吉岡山城.json,,,
吉川元春館.json,吉川元春館,,
吉田城 (三河国).json,吉田城 (三河国),137.39335,34.77014722
吉田城 (出羽国).json,,,
吉田城 (尾張国).json,吉田城 (尾張国),,
吉田郡山城.json,吉田郡山城,132.70958889,34.67428611
吉窪城.json,吉窪城,,
吉良城.json,吉良城,133.45861111,33.51238889
吉野ヶ里遺跡.json,吉野ヶ里遺跡,130.39069444,33.32361111
名古屋城.json,名古屋城,136.89908611,35.18549167
名子城.json,名子城,137.90291667,35.59988889
名島城.json,名島城,,
名生城.json,,,
名畑城.json,名畑城,136.86194444,36.62055556
名胡桃城.json,名胡桃城,138.99233333,36.67005556
名護城.json,名護城,,
名護屋城.json,名護屋城,129.869375,33.53003333
向小島城.json,向小島城,137.13219444,36.25119444
向山城.json,,,
吹田城.json,吹田城,,
吾那蜆城.json,,,
告森城.json,,,
周山城.json,周山城,,
周布城.json,,,
和佐山城.json,和佐山城,135.25994444,34.22969444
和徳城.json,和徳城,140.48369444,40.60944444
和歌山城.json,和歌山城,135.17162222,34.22762778
和田城 (下総国).json,和田城 (下総国),,
和田城.json,和田城,,
和知城.json,,,
品川台場.json,品川台場,,
唐川城.json,,,
唐梅館.json,,,
唐櫃城.json,,,
唐沢山城.json,唐沢山城,139.60094444,36.35363889
唐津城.json,唐津城,129.97819444,33.45353889
唐船城.json,,,
善田すけたい城.json,,,
善防山城.json,善防山城,134.83119444,34.8785
喜佐真城.json,,,
喜屋武城.json,喜屋武城,127.84994444,26.353575
喜舎場城.json,,,
喜連川城.json,喜連川城,140.0225,36.71833333
四稜郭.json,四稜郭,,
固城城.json,,,
国分城 (下総国).json,,,
国分城 (大隅国).json,国分城 (大隅国),130.77363889,31.74061111
国分山城.json,,,
国吉城.json,国吉城,,
国峰城.json,,,
国府台城.json,国府台城,,
国府尾城.json,国府尾城,,
国見城.json,,,
園田城.json,園田城,,
園部城.json,園部城,,
土佐泊城.json,土佐泊城,,
土居城 (伊予国).json,,,
土山城.json,,,
土気城.json,土気城,140.29137222,35.53106389
土浦城.json,土浦城,140.19814722,36.08510278
地黄城.json,地黄城,,
坂元城.json,坂元城,,
坂戸城.json,坂戸城,,
坂本城.json,坂本城,135.87715111,35.05982611
坂田城.json,坂田城,,
坂谷城.json,,,
垂井城.json,垂井城,,
垣花城.json,垣花城,127.79,26.14833333
城の坂遺跡.json,城の坂遺跡,137.11597222,35.32508333
城井谷城.json,城井谷城,,
城生城.json,城生城,137.17902778,36.57541667
城端城.json,城端城,136.90111111,36.51583333
城輪柵.json,城輪柵,139.90922222,38.96361111
埴原城.json,埴原城,138.01580556,36.18869444
基肄城.json,基肄城,130.51305556,33.445
堀城.json,堀城,,
堀江城.json,堀江城,,
堀越城.json,堀越城,,
堂崎城.json,堂崎城,,
堂洞城.json,堂洞城,137.00044444,35.48519444
堅志田城.json,堅志田城,130.792592,32.62769
堅田城.json,,,
堤城.json,堤城,,
塔原城.json,塔原城,,
塩原城.json,,,
塩崎城.json,塩崎城,,
塩田城.json,塩田城,138.19605556,36.33969444
増尾城.json,増尾城,139.98437222,35.84038611
増山城.json,増山城,,
増島城.json,増島城,,
墨俣城.json,墨俣城,,
壬生城.json,壬生城,139.79805556,36.4275
壺笠山城.json,,,
夏見城.json,夏見城,,
多功城.json,多功城,139.87416667,36.43055556
多比良城.json,,,
多気城 (下野国).json,多気城 (下野国),139.80388889,36.605
多気城 (常陸国).json,多気城 (常陸国),140.08972222,36.18333333
多治比猿掛城.json,多治比猿掛城,,
多田名城.json,,,
多田城 (加賀国).json,,,
多聞山城.json,多聞山城,135.83144194,34.69443889
多芸城.json,,,
多賀城.json,多賀城,140.98833333,38.30666667
大光寺城.json,大光寺城,140.55744444,40.59005556
大内氏館.json,大内氏館,,
大別当城.json,,,
大友氏遺跡.json,大友氏遺跡,131.61919444,33.22894444
大口城.json,大口城,130.61669444,32.05905556
大向館.json,大向館,141.27908333,40.40255556
大和田城.json,大和田城,,
大坂城.json,大坂城,135.52584444,34.68737778
大坂山城.json,,,
大垣城.json,大垣城,136.61607222,35.36197778
大城城 (北中城村).json,,,
大城城 (南城市).json,,,
大堀山城.json,,,
大塚・歳勝土遺跡.json,大塚・歳勝土遺跡,139.58055556,35.55141667
大塚城.json,大塚城,,
大多喜城.json,大多喜城,,
大宮城 (下野国).json,大宮城 (下野国),139.87,36.74222222
大宮城 (駿河国).json,大宮城 (駿河国),138.61244444,35.22605556
大宰府.json,大宰府,130.51514444,33.51454167
大山城.json,大山城,,
大峪城.json,大峪城,137.18305556,36.69805556
大峰城.json,大峰城,138.17697222,36.67561111
大島城.json,大島城,137.91713889,35.57605556
大崎城.json,大崎城,134.1015,35.52544444
大嶋城.json,大嶋城,,
大嶽城.json,,,
大平田城.json,,,
大庭城.json,大庭城,139.45138889,35.36111111
大戸城.json,大戸城,,
大明神城.json,大明神城,,
大木城 (下総国).json,,,
大村城 (越中国).json,大村城 (越中国),137.255,36.75694444
大桑城.json,大桑城,,
大森城 (伊予国).json,大森城 (伊予国),132.61833333,33.29611111
大森城.json,大森城,140.43319444,37.72605556
大椎城.json,大椎城,140.25631389,35.51867778
大槌城.json,大槌城,141.89613889,39.36186111
大河内城.json,大河内城,,
大河平城.json,大河平城,,
大津城 (三河国).json,大津城 (三河国),,
大津城 (土佐国).json,大津城 (土佐国),,
大津城.json,大津城,,
大洲城.json,大洲城,132.54113056,33.50953889
大浜城.json,,,
大浦城.json,大浦城,,
大浦多志城.json,,,
大湯館.json,,,
大溝城.json,大溝城,136.01277778,35.2925
大滝谷城.json,,,
大田原城.json,大田原城,140.03459722,36.86834722
大留城.json,大留城,137.02705556,35.25908333
大窪城.json,,,
大給城.json,大給城,,
大網城.json,大網城,,
大聖寺城.json,大聖寺城,,
大胡城.json,大胡城,,
大草城 (尾張国春日井郡).json,大草城 (尾張国春日井郡),,
大草城 (尾張国知多郡).json,大草城 (尾張国知多郡),,
大草城.json,大草城,,
大西城 (阿波国).json,大西城 (阿波国),133.80894444,34.03080556
大西城.json,大西城,,
大野城 (下総国).json,大野城 (下総国),,
大野城 (尾張国海部郡).json,大野城 (尾張国海部郡),136.77205556,35.12944444
大野城 (尾張国知多郡).json,大野城 (尾張国知多郡),136.83369444,34.9285
大野城 (尾張国葉栗郡).json,大野城 (尾張国葉栗郡),136.82443056,35.35465278
大野城 (筑前国).json,大野城 (筑前国),130.52155556,33.53991667
大野城 (越前国).json,大野城 (越前国),136.48309722,35.98656667
大館城 (陸奥国).json,大館城 (陸奥国),140.87088889,37.05580556
大館城.json,大館城,140.56608333,40.27231944
大高城.json,大高城,136.93616667,35.06438889
大鳥井山遺跡.json,大鳥井山遺跡,140.56391944,39.328775
天ヶ城.json,天ヶ城,131.29366667,31.96230556
天城城.json,,,
天堂城.json,天堂城,136.86830556,37.34305556
天守#復元天守（復原天守）.json,天守,,
天守#復興天守.json,天守,,
天守#模擬天守.json,天守,,
天方城.json,天方城,137.94944444,34.84780556
天神山城 (備前国).json,天神山城 (備前国),,
天神山城 (武蔵国).json,天神山城 (武蔵国),,
天神山城 (越中国).json,天神山城 (越中国),,
天神山城 (越後国).json,天神山城 (越後国),,
天童城.json,天童城,,
天霧城.json,天霧城,133.73540833,34.23561667
太平城.json,,,
太田城 (常陸国).json,太田城 (常陸国),140.51934722,36.54613611
太田城 (摂津国).json,太田城 (摂津国),,
太田城 (紀伊国).json,太田城 (紀伊国),135.19601583,34.23055194
太田本郷城.json,太田本郷城,137.24388889,36.65972222
夷山城.json,夷山城,,
奈良部城.json,,,
奥城 (尾張国).json,奥城 (尾張国),,
奥崎丸尾城.json,,,
奥沢城.json,奥沢城,,
奥瀬館.json,奥瀬館,141.09744444,40.57755556
奥谷城.json,,,
奥間城.json,,,
妙義山城.json,妙義山城,,
妙見山城.json,妙見山城,,
妙見嶽城.json,妙見嶽城,,
妻木城.json,妻木城,,
妻籠城.json,妻籠城,,
姉川城.json,姉川城,,
姉帯城.json,姉帯城,141.32219444,40.17544444
姫路城.json,姫路城,134.69409722,34.83937778
姫野々城.json,姫野々城,133.21438889,33.44388889
婆ヶ城城.json,,,
嫗戸柵.json,嫗戸柵,141.12691667,39.72019444
子城台.json,,,
孤浦城.json,,,
宇佐山城.json,宇佐山城,,
宇和島城.json,宇和島城,132.56523611,33.21947778
宇土城.json,宇土城,130.64638889,32.67944444
宇江城城.json,宇江城城,126.76916667,26.37638889
宇津山城.json,宇津山城,137.53319444,34.75594444
宇津峰.json,宇津峰,140.4692,37.297
宇部山五本松城.json,,,
宇都宮城.json,宇都宮城,139.88583333,36.55444444
宇陀松山城.json,宇陀松山城,,
守山城 (尾張国).json,守山城 (尾張国),,
守山城 (肥前国).json,,,
守山城 (越中国).json,守山城 (越中国),137.00916667,36.78722222
守山城 (陸奥国).json,守山城 (陸奥国),140.41389,37.33083
守谷城.json,守谷城,140.00611111,35.94972222
安中城.json,安中城,138.89666667,36.32936111
安俵城.json,,,
安土城.json,安土城,136.13940833,35.15591389
安威城.json,安威城,,
安威砦.json,安威砦,,
安宅城.json,,,
安慶名城.json,安慶名城,127.85027778,26.38083333
安楽寺城.json,安楽寺城,136.84,36.67694444
安永城.json,,,
安田城 (越中国).json,安田城 (越中国),137.16083333,36.68027778
安田城 (越後国刈羽郡).json,安田城 (越後国刈羽郡),,
安田城 (越後国蒲原郡).json,安田城 (越後国蒲原郡),,
安祥城.json,安祥城,137.09891667,34.94561111
安芸城.json,安芸城,133.9125,33.51947222
安谷屋城.json,安谷屋城,,
安養寺城.json,安養寺城,136.83458333,36.63
安骨浦城.json,,,
宗守館.json,宗守館,136.90611111,36.55361111
宝山城.json,,,
実籾城.json,実籾城,,
室賀城.json,室賀城,,
宮尾城.json,宮尾城,132.32230556,34.30055556
宮崎城 (上総国).json,,,
宮崎城 (越中国).json,宮崎城 (越中国),137.58558333,36.963
宮崎城.json,宮崎城,131.40805556,31.96725
宮森城.json,宮森城,,
宮沢城.json,,,
宮津八幡山城.json,,,
宮津城.json,宮津城,,
宵田城.json,,,
家城城.json,家城城,,
宿南城.json,,,
宿毛城.json,宿毛城,132.72980556,32.94119444
宿院城.json,,,
富山城 (備前国).json,富山城 (備前国),,
富山城.json,富山城,137.21088333,36.69328611
富岡城.json,富岡城,,
富崎ガバネ城.json,,,
富崎城.json,富崎城,137.11777778,36.64277778
富来城.json,,,
富松城.json,富松城,,
富江陣屋.json,富江陣屋,128.76461944,32.61527778
富田城 (上総国).json,,,
富隈城.json,富隈城,,
寒河江城.json,寒河江城,,
寒竹城.json,,,
寺家新屋敷館.json,寺家新屋敷館,136.91722222,36.59055556
寺尾城 (川崎市).json,寺尾城 (川崎市),139.53797222,35.62438889
寺尾城 (横浜市).json,寺尾城 (横浜市),139.65236111,35.50661111
寺村城.json,寺村城,,
寺池城.json,寺池城,141.28163611,38.65539722
寺部城.json,寺部城,,
寿能城.json,寿能城,139.63861111,35.92158333
将軍山城.json,将軍山城,,
小丸城.json,小丸城,,
小丸山城.json,小丸山城,,
小倉城 (武蔵国).json,小倉城 (武蔵国),139.29694444,36.03269444
小倉城.json,小倉城,130.87425556,33.88444444
小倉山城 (安芸国).json,小倉山城 (安芸国),,
小倉山城 (美濃国).json,小倉山城 (美濃国),,
小倉山城 (豊前国).json,,,
小出城.json,小出城,137.31277778,36.73361111
小原城.json,,,
小国城 (出羽国最上郡).json,小国城 (出羽国最上郡),140.52694444,38.75630556
小国城 (出羽国置賜郡).json,小国城 (出羽国置賜郡),139.74530556,38.06430556
小堤城.json,,,
小山城 (下野国).json,小山城 (下野国),139.8,36.31933333
小山城 (甲斐国).json,小山城 (甲斐国),,
小山城 (遠江国).json,小山城 (遠江国),138.24705556,34.77894444
小山田城.json,,,
小岩嶽城.json,小岩嶽城,137.82844444,36.35580556
小峰城（長崎県佐世保市）.json,,,
小峰城（長崎県東彼杵郡）.json,,,
小島城 (飛騨国).json,小島城 (飛騨国),137.17430556,36.25169444
小島城.json,小島城,,
小平田蔵谷城.json,,,
小弓城.json,小弓城,140.15083333,35.55444444
小手森城.json,小手森城,140.58344444,37.59172222
小折城.json,小折城,136.87566667,35.31030556
小机城.json,小机城,139.59371111,35.51244722
小松城.json,小松城,136.44345556,36.41262222
小林城 (上総国).json,,,
小林城 (下総国).json,,,
小林城.json,小林城,,
小栗山館.json,小栗山館,140.483,40.5635
小沢城.json,小沢城,139.52694444,35.63083333
小泉城 (大和国).json,小泉城 (大和国),,
小泉城.json,小泉城,139.41399167,36.26138333
小浜城 (若狭国).json,小浜城 (若狭国),135.74583333,35.50397222
小浜城 (陸奥国).json,小浜城 (陸奥国),140.51172222,37.56425
小浪城.json,小浪城,,
小牧山.json,小牧山,136.91361111,35.2925
小牧山城.json,小牧山城,,
小田井城.json,小田井城,136.86875,35.20611111
小田原城.json,小田原城,139.15344167,35.25104722
小田城.json,小田城,140.11088889,36.15055556
小田野城.json,小田野城,,
小畑高尾城.json,,,
小西城.json,小西城,,
小諸城.json,小諸城,138.41724722,36.32733611
小谷城 (播磨国).json,小谷城 (播磨国),,
小谷城.json,小谷城,136.27707222,35.45935917
小軽米城.json,小軽米城,141.53305556,40.30183333
小里城.json,小里城,,
小野城.json,小野城,,
小野路城.json,小野路城,139.43059444,35.60066944
小金城.json,小金城,,
小阪城.json,小阪城,,
小高城.json,小高城,140.99055556,37.56833333
尻八館.json,,,
尼崎城.json,尼崎城,135.42055694,34.71437694
尼巌城.json,尼巌城,,
尾山御坊.json,尾山御坊,,
尾崎城.json,尾崎城,140.61294444,40.58730556
尾関山城.json,,,
尾高城.json,尾高城,133.41205556,35.42094444
屋代城.json,屋代城,,
屋嶋城.json,屋嶋城,134.10533611,34.3541
屋我城.json,,,
屋良城.json,,,
山ノ神砦.json,山ノ神砦,,
山下城 (安房国).json,,,
山下城 (摂津国).json,山下城 (摂津国),,
山下城 (筑後国).json,山下城 (筑後国),,
山下城 (飛騨国).json,,,
山中城 (三河国).json,山中城 (三河国),137.22967222,34.89581111
山中城 (上総国).json,,,
山中城.json,山中城,,
山口城 (武蔵国).json,山口城 (武蔵国),139.43518333,35.77778889
山口城 (美濃国).json,山口城 (美濃国),136.67347222,35.50805556
山口城.json,山口城,,
山名城.json,山名城,139.02911111,36.27897222
山吹城.json,山吹城,,
山家城 (信濃国).json,山家城 (信濃国),138.05380556,36.22344444
山崎城 (下総国).json,,,
山崎城 (山城国).json,山崎城 (山城国),,
山崎城 (播磨国).json,山崎城 (播磨国),134.53955556,35.00294444
山崎城.json,山崎城,134.33930556,35.44572222
山崎山城.json,,,
山形城.json,山形城,,
山本城.json,,,
山本山城.json,,,
山根式田城.json,,,
山田城 (上総国).json,,,
山田城 (大和国).json,山田城 (大和国),,
山田城 (日向国).json,,,
山田城 (琉球国).json,山田城 (琉球国),127.78241667,26.43066667
山田城 (肥後国).json,,,
山田城.json,山田城,139.92966667,36.84172222
山科本願寺.json,山科本願寺,,
山野辺城.json,山野辺城,,
山隈城.json,,,
山鹿城.json,山鹿城,,
岐阜城.json,岐阜城,136.78221389,35.43407222
岡城 (信濃国).json,岡城 (信濃国),,
岡城 (豊後国).json,岡城 (豊後国),131.40806944,32.96921667
岡山城 (河内国).json,岡山城 (河内国),,
岡山城 (紀伊国).json,岡山城 (紀伊国),135.17191667,34.22486111
岡山城.json,岡山城,133.93605278,34.66518056
岡崎城 (伊予国).json,岡崎城 (伊予国),133.30496111,33.95489167
岡崎城 (相模国).json,,,
岡崎城.json,岡崎城,137.15880556,34.95630833
岡崎神社所在古城.json,,,
岡本城 (下野国).json,岡本城 (下野国),139.95083333,36.61472222
岡本城 (伊予国).json,,,
岡本城 (安房国).json,岡本城 (安房国),,
岡津城.json,岡津城,139.52494444,35.42905556
岡豊城.json,岡豊城,133.62249167,33.59496111
岩倉城 (伯耆国).json,岩倉城 (伯耆国),133.81055556,35.38444444
岩倉城 (加賀国).json,,,
岩倉城 (尾張国).json,岩倉城 (尾張国),136.87726667,35.27522222
岩倉城 (阿波国).json,岩倉城 (阿波国),134.13108333,34.07322222
岩出山城.json,岩出山城,,
岩切城.json,岩切城,140.94,38.31341667
岩剣城.json,岩剣城,,
岩国城.json,岩国城,132.17423056,34.17525556
岩尾城 (肥後国).json,岩尾城 (肥後国),130.99294444,32.68394444
岩尾城.json,岩尾城,,
岩屋城 (美作国).json,岩屋城 (美作国),133.83444444,35.07630556
岩屋城.json,岩屋城,130.52029444,33.52594444
岩崎城 (出羽国).json,岩崎城 (出羽国),140.514,39.20547222
岩崎城 (因幡国).json,,,
岩崎城 (尾張国).json,岩崎城 (尾張国),137.04258333,35.14508333
岩崎城.json,岩崎城,,
岩木城.json,岩木城,137.1875,36.57694444
岩村城.json,岩村城,137.45130556,35.36033333
岩槻城.json,岩槻城,139.71023889,35.95134722
岩櫃城.json,岩櫃城,138.80480556,36.55919444
岩殿山城.json,岩殿山城,138.94986389,35.62158611
岩沼城.json,,,
岩牟礼城.json,岩牟礼城,,
岩石城.json,岩石城,,
岩神館.json,,,
岩谷堂城.json,,,
岳山城 (筑前国).json,,,
岸和田城.json,岸和田城,135.37078056,34.45881667
岸岳城.json,岸岳城,,
峯城.json,峯城,,
島原城.json,島原城,130.36726389,32.78921667
島添大里城.json,島添大里城,127.76014167,26.1866
崎山城 (能登国).json,崎山城 (能登国),137.15194444,37.30030556
崎浜城.json,,,
嵐山城.json,嵐山城,,
嵯峨山城.json,,,
川之江城.json,川之江城,133.56755556,34.013
川口城 (三河国).json,川口城 (三河国),,
川島城.json,川島城,134.32032833,34.0661075
川崎城 (下野国).json,川崎城 (下野国),,
川崎城 (陸奥国).json,川崎城 (陸奥国),,
川平城.json,,,
川手城.json,川手城,136.76269444,35.39580556
川本温湯城.json,川本温湯城,,
川田城.json,川田城,,
川越城.json,川越城,139.49150278,35.92451389
左沢楯山城.json,左沢楯山城,,
己斐城.json,己斐城,132.42472222,34.40775
市場城.json,市場城,,
布佐城.json,布佐城,,
布勢天神山城.json,布勢天神山城,134.17652222,35.50965833
布市城.json,布市城,,
布部城.json,,,
帰雲城.json,帰雲城,,
常城.json,常城,,
常山城.json,常山城,133.88672778,34.52495
常盤城.json,常盤城,,
平井城.json,平井城,139.03,36.21916667
平佐城.json,,,
平塚城.json,平塚城,,
平安座西城.json,,,
平山城（薩摩国）.json,,,
平戸城.json,平戸城,129.55756667,33.368575
平房城.json,,,
平林城.json,平林城,139.46961111,38.13855556
平沢城.json,,,
平瀬城.json,平瀬城,,
平田城 (豊前国).json,,,
平田城.json,平田城,132.81948333,35.44065556
平石城.json,,,
平良ヶ崎館.json,平良ヶ崎館,141.27715593,40.41282028
平須賀城.json,,,
平館城.json,平館城,141.09069444,39.94480556
幸地城.json,,,
幸山城.json,幸山城,133.75794444,34.65244444
幾保比城.json,,,
広保山城.json,広保山城,,
広島城.json,広島城,132.45896667,34.40281389
広恵寺城.json,広恵寺城,,
広瀬城 (飛騨国).json,広瀬城 (飛騨国),,
庄ノ城.json,庄ノ城,136.99444444,36.58916667
府内城.json,府内城,131.61143333,33.24064167
座喜味城.json,座喜味城,127.74219444,26.40813889
庭瀬城.json,庭瀬城,133.84914444,34.64292778
延岡城.json,延岡城,,
延沢城.json,延沢城,140.46758333,38.56791667
建部山城.json,建部山城,,
廻城.json,,,
弁天台場.json,弁天台場,140.70408333,41.77422222
弓庄城.json,,,
弓木城.json,弓木城,135.14665,35.56500278
引田城 (上総国).json,,,
引田城.json,引田城,134.40918611,34.23326111
弘前城.json,弘前城,,
形原城.json,形原城,137.18593333,34.79038056
彦根城.json,彦根城,136.251889,35.276422
後瀬山城.json,後瀬山城,,
御坂城.json,御坂城,,
御峰城.json,御峰城,136.805,36.57888889
御着城.json,御着城,134.74125,34.81836111
御船城.json,御船城,,
御薗宇城.json,御薗宇城,132.80044444,34.47080556
徳丹城.json,徳丹城,141.17244444,39.60780556
徳吉城.json,,,
徳山城.json,徳山城,,
徳島城.json,徳島城,134.555275,34.07519167
徳橋城.json,,,
徳次郎城.json,徳次郎城,139.84888889,36.64861111
徳満城.json,徳満城,,
忍城.json,忍城,139.45287778,36.13715
志和池城.json,,,
志喜屋城.json,,,
志布志城.json,志布志城,131.10891667,31.48483333
志方城.json,志方城,134.82228889,34.81788333
志村城.json,志村城,,
志波城.json,志波城,141.10638889,39.68625
志苔館.json,志苔館,,
志賀城.json,志賀城,138.53111111,36.25308333
忽那山城 (伊予国).json,,,
怡土城.json,怡土城,130.268625,33.54825
恩納城.json,,,
恵良城 (伊予国).json,,,
感状山城.json,感状山城,134.45138889,34.88130556
懸田城.json,懸田城,140.60072222,37.78341667
成東城.json,成東城,,
成沢城.json,,,
成瀬城.json,,,
成生城.json,,,
成田城 (下野国).json,成田城 (下野国),139.96583333,35.81255556
成羽城.json,成羽城,,
成羽陣屋.json,,,
我孫子城.json,我孫子城,140.01922222,35.87805556
戸倉城 (伊豆国).json,戸倉城 (伊豆国),138.89861111,35.09527778
戸倉城 (武蔵国).json,戸倉城 (武蔵国),,
戸切地陣屋.json,戸切地陣屋,140.61938889,41.85422222
戸崎城.json,,,
戸木城.json,戸木城,,
戸狩城.json,,,
戸石城.json,戸石城,138.29150472,36.42447889
手取城.json,手取城,,
手賀城.json,手賀城,140.07205556,35.84544444
手間要害.json,手間要害,,
打吹城.json,打吹城,,
払川館.json,払川館,141.92936111,39.56819444
払田柵跡.json,払田柵跡,140.54944444,39.46833333
持船城.json,持船城,138.35966667,34.92508333
挙母城.json,挙母城,,
掛川城.json,掛川城,138.01473333,34.77541667
接待館遺跡.json,接待館遺跡,141.10019444,39.00705556
揖斐城.json,揖斐城,,
搦目城.json,搦目城,,
摩文仁城.json,,,
撫川城.json,撫川城,,
撫養城.json,撫養城,134.61863889,34.17772222
放生津城.json,放生津城,137.09,36.77694444
敦賀城.json,敦賀城,,
新井田城.json,新井田城,141.52027778,40.49083333
新垣城.json,,,
新宮城 (安芸国).json,新宮城 (安芸国),,
新宮城 (能登国).json,,,
新宮城 (陸奥国).json,新宮城 (陸奥国),139.83519444,37.62252778
新宮城.json,新宮城,135.99247222,33.72991667
新山城 (因幡国).json,新山城 (因幡国),134.20102778,35.49702778
新山城.json,新山城,133.05464722,35.50875278
新庄城.json,新庄城,,
新府城.json,新府城,,
新木城.json,,,
新津城.json,新津城,,
新潟城.json,新潟城,,
新田城.json,新田城,,
新田金山城.json,新田金山城,139.37747222,36.31777778
新発田城.json,新発田城,,
新穂城.json,新穂城,,
新納石城.json,新納石城,131.415,32.21530556
新高山城.json,新高山城,,
旗返山城.json,,,
日出城.json,日出城,,
日和佐城.json,日和佐城,134.53608333,33.72977778
日和山 (石巻市)#日和山.json,日和山 (石巻市),,
日宮城.json,日宮城,137.08444444,36.70416667
日方江城.json,日方江城,137.26055556,36.75708333
日田城.json,日田城,130.94438333,33.33188333
日谷城.json,日谷城,,
日野城.json,日野城,,
日野山城.json,日野山城,,
日野江城.json,日野江城,,
日隈城.json,日隈城,,
早尾東城.json,早尾東城,,
早牛城.json,,,
早牛矢島城.json,,,
旭城 (豊前国).json,,,
旭山城.json,旭山城,,
昌原城.json,,,
昌斎館.json,昌斎館,140.87144444,40.29977778
明善寺城.json,明善寺城,,
明智城 (美濃国可児郡).json,明智城 (美濃国可児郡),137.08450556,35.42123056
明知城.json,明知城,137.39305556,35.305
明石城.json,明石城,134.99179722,34.65279722
星の岡城.json,,,
星ヶ城山.json,星ヶ城山,134.31748025,34.51535022
春山城.json,春山城,,
春日城 (信濃国伊那郡).json,春日城 (信濃国伊那郡),137.94794444,35.8375
春日城 (信濃国佐久郡).json,春日城 (信濃国佐久郡),138.35055556,36.21780556
春日山城.json,春日山城,,
昼寝城.json,昼寝城,,
時枝城.json,時枝城,,
普門寺 (高槻市)#普門寺城.json,普門寺 (高槻市),135.59288889,34.83055556
景石城.json,景石城,134.21605556,35.34405556
晴山館.json,晴山館,141.41405556,40.33775
曳馬城.json,曳馬城,,
曽井城.json,曽井城,131.40527778,31.88805556
曽場ヶ城.json,曽場ヶ城,132.67394444,34.43394444
曽根城 (伊予国).json,,,
曽根城.json,曽根城,136.61977222,35.40391944
月ヶ谷城.json,月ヶ谷城,137.4703575,34.80734639
月居城.json,月居城,,
月山富田城.json,月山富田城,,
月山日和城.json,月山日和城,131.13536389,31.8015975
有子山城.json,有子山城,,
有賀城.json,有賀城,,
望月城 (近江国).json,望月城 (近江国),,
望月城.json,望月城,,
朝倉城 (但馬国).json,朝倉城 (但馬国),,
朝倉城 (土佐国).json,朝倉城 (土佐国),133.48005556,33.54941667
朝日山城 (出羽国).json,朝日山城 (出羽国),,
朝日山城 (加賀国).json,朝日山城 (加賀国),136.76305556,36.62844444
朝日嶽城.json,朝日嶽城,,
木ノ下城.json,木ノ下城,,
木原城 (常陸国).json,木原城 (常陸国),140.29174167,36.02064167
木場城.json,木場城,,
木尾嶽城.json,,,
木山城 (肥後国).json,木山城 (肥後国),130.82155556,32.78830556
木本城.json,木本城,,
木村城.json,木村城,,
木津城.json,木津城,,
木舟城.json,木舟城,136.91397222,36.68825
末吉城.json,,,
末森城 (尾張国).json,末森城 (尾張国),136.95695278,35.16441667
末森城 (能登国).json,末森城 (能登国),,
本与板城.json,本与板城,,
本佐倉城.json,本佐倉城,140.25900833,35.72753611
本台山城.json,本台山城,133.74455556,34.26872222
本城山城.json,,,
本山城 (土佐国).json,本山城 (土佐国),133.58669444,33.75447222
本庄城 (武蔵国).json,本庄城 (武蔵国),,
本明城.json,,,
本渡城.json,本渡城,130.17791667,32.46366667
本納城.json,本納城,,
本荘城.json,本荘城,140.04747222,39.38485833
本郷城.json,本郷城,,
朽木谷城.json,,,
杉が尾城.json,,,
杉山城.json,杉山城,139.31213889,36.06258333
村上城 (上総国).json,,,
村上城.json,村上城,139.485,38.21985
村井城 (信濃国).json,村井城 (信濃国),,
村松城.json,村松城,,
杣山城.json,杣山城,136.21948333,35.802325
来島城.json,来島城,132.96944444,34.11805556
東光寺城.json,東光寺城,,
東山霊山城.json,東山霊山城,135.78538889,34.99886111
東条城.json,東条城,,
東林寺城.json,東林寺城,,
東根城.json,,,
東殿山城.json,東殿山城,,
東町城.json,,,
東福寺城.json,東福寺城,,
東萊城.json,,,
東野山城.json,,,
杵築城.json,杵築城,,
松ヶ島城.json,松ヶ島城,,
松ヶ嶺城.json,松ヶ嶺城,,
松井田城.json,松井田城,138.79211111,36.32263889
松代城.json,松代城,,
松任城.json,松任城,,
松倉城 (尾張国).json,松倉城 (尾張国),,
松倉城 (越中国).json,松倉城 (越中国),,
松倉城 (飛騨国).json,松倉城 (飛騨国),,
松前城 (伊予国).json,松前城 (伊予国),,
松前城.json,松前城,,
松坂城.json,松坂城,136.52572222,34.57588889
松尾城 (上総国).json,松尾城 (上総国),140.45277778,35.64111111
松尾城 (信濃国伊那郡).json,松尾城 (信濃国伊那郡),137.82794444,35.48730556
松尾城 (日向国).json,松尾城 (日向国),131.63180556,32.58380556
松尾城 (薩摩国川辺郡).json,,,
松尾山城.json,松尾山城,,
松山城 (伊予国).json,松山城 (伊予国),132.76572222,33.84553889
松山城 (備中国).json,松山城 (備中国),133.62230278,34.80907778
松山城 (出羽国).json,松山城 (出羽国),139.958175,38.85982222
松山城 (大隅国).json,,,
松山城 (武蔵国).json,松山城 (武蔵国),,
松山城 (豊前国).json,松山城 (豊前国),,
松山城 (陸奥国).json,,,
松山陣屋.json,松山陣屋,,
松岡城 (信濃国).json,松岡城 (信濃国),137.86451972,35.54574
松岡城 (常陸国).json,松岡城 (常陸国),140.706,36.74011111
松岡城 (摂津国).json,松岡城 (摂津国),,
松戸城.json,松戸城,,
松本城.json,松本城,137.96911944,36.2391
松根城.json,松根城,136.78348333,36.61623333
松森城.json,松森城,,
松江城.json,松江城,133.05069444,35.47513889
松波城.json,松波城,137.23944444,37.35583333
松真浦城.json,,,
松茸尾城.json,,,
松葉城.json,,,
板沢城.json,,,
板西城.json,板西城,,
林城.json,林城,138.01027778,36.22444444
林浪浦城.json,,,
枚方城.json,,,
枝吉城.json,枝吉城,,
枡形城.json,枡形城,,
枳城.json,,,
柄杓山城.json,柄杓山城,139.35833333,36.44541667
柏井城 (土佐国).json,柏井城 (土佐国),,
柏原城 (伊賀国).json,柏原城 (伊賀国),136.08333333,34.59444444
柏原城 (武蔵国).json,,,
柏崎館.json,柏崎館,,
柏木城.json,,,
柏野城.json,,,
柳之御所遺跡.json,柳之御所遺跡,141.11916667,38.99361111
柳川城.json,柳川城,130.40083333,33.16072222
柳津城.json,柳津城,,
柳瀬城.json,,,
柳生城.json,柳生城,,
柴峠砦.json,,,
柴島城.json,柴島城,,
柴崎城.json,柴崎城,,
柴田屋館.json,柴田屋館,136.91333333,36.5975
栂牟礼城.json,栂牟礼城,,
栃尾城.json,栃尾城,,
栃木城.json,栃木城,139.74361111,36.37527778
栄福寺 (千葉市).json,栄福寺 (千葉市),140.17122222,35.59491667
栖吉城.json,栖吉城,,
栗ケ沢城.json,栗ケ沢城,,
栗橋城.json,栗橋城,,
栗田城.json,栗田城,,
栗谷城.json,,,
根古屋城.json,根古屋城,139.40694444,35.78005556
根城.json,根城,,
根室半島チャシ跡群.json,根室半島チャシ跡群,145.7825,43.38861111
根小屋城.json,根小屋城,139.02263889,36.28388889
根戸城.json,根戸城,,
根木内城.json,根木内城,,
根本城.json,根本城,,
根来寺.json,根来寺,135.31666667,34.28722222
根添城.json,根添城,,
根知城.json,根知城,,
根謝銘城.json,,,
桂城 (安芸国).json,桂城 (安芸国),,
桐原城.json,桐原城,138.02694444,36.23705556
桐山城.json,桐山城,,
桐生城.json,桐生城,,
桑原城.json,桑原城,,
桑名城.json,桑名城,136.69872222,35.064625
桑折西山城.json,桑折西山城,,
桜尾城.json,桜尾城,132.34235,34.3574
桜洞城.json,桜洞城,,
桟原城.json,桟原城,,
桧原城.json,桧原城,,
桶平城.json,桶平城,,
梁山城.json,,,
梁川城.json,梁川城,,
梅北城.json,梅北城,131.05166667,31.68630556
梶原城.json,,,
梶山城.json,梶山城,,
梶峰城.json,梶峰城,,
棚倉城.json,棚倉城,,
棚原城.json,,,
棚懸城.json,,,
棚木城.json,,,
森城 (上総国).json,,,
森城 (信濃国).json,森城 (信濃国),137.83869444,36.54630833
森城 (土佐国).json,森城 (土佐国),133.52277778,33.73805556
森屋城.json,,,
椎倉城.json,,,
椎名城.json,,,
椎津城.json,椎津城,,
椿井城.json,椿井城,,
楠城.json,,,
楠根山根城城.json,,,
楪城.json,,,
楯岡城.json,楯岡城,,
楽田城.json,楽田城,136.95052778,35.32819444
榎下城.json,榎下城,139.53016389,35.51801111
榎並城.json,榎並城,,
榎本城 (上総国).json,,,
榎津城.json,,,
槇島城.json,槇島城,,
槌山城.json,槌山城,132.65544444,34.39880556
樋爪館.json,樋爪館,141.16380556,39.53419444
樋詰城.json,,,
権現山城.json,権現山城,139.62844444,35.47183333
横内城.json,横内城,140.768339,40.774831
横地城.json,横地城,138.11788889,34.72825
横山城 (伊予国).json,,,
横山城 (信濃国).json,横山城 (信濃国),,
横山城 (尾張国).json,横山城 (尾張国),137.06344444,35.21930556
横山城 (近江国).json,横山城 (近江国),,
横川城.json,,,
横手城.json,横手城,140.56922778,39.32106111
横浜館.json,横浜館,141.24841667,41.08675
横田城 (信濃国).json,横田城 (信濃国),,
横田城 (陸奥国).json,横田城 (陸奥国),141.52105556,39.35250278
横須賀城.json,横須賀城,,
樺山城.json,,,
機張城.json,,,
檜ヶ山城.json,檜ヶ山城,,
檜山城.json,檜山城,,
檜谷城.json,,,
櫛崎城.json,櫛崎城,130.99388889,33.98930556
櫛引城.json,櫛引城,141.43230556,40.47744444
櫛間城.json,櫛間城,,
正院川尻城.json,,,
此隅山城.json,此隅山城,134.87280556,35.48772222
武雄城.json,,,
比叡尾山城.json,比叡尾山城,132.89458333,34.81769444
比熊山城.json,比熊山城,132.84,34.81972222
比自山城.json,,,
毛利山城.json,毛利山城,137.052,35.46102778
毛呂城 (下野国).json,,,
毛呂城 (武蔵国).json,,,
水久保城.json,水久保城,,
水俣城.json,水俣城,,
水口城.json,水口城,,
水口岡山城.json,水口岡山城,,
水城.json,水城,130.49265556,33.51804722
水戸城.json,水戸城,,
水晶城 (安芸国).json,水晶城 (安芸国),,
水沢城.json,水沢城,141.13961287,39.14415129
水海城.json,水海城,,
水茎岡山城.json,水茎岡山城,,
氷室 (京都市北区西賀茂)#城山と堂ノ庭城跡.json,氷室 (京都市北区西賀茂),135.72283333,35.08177778
永山城.json,永山城,,
永登浦城.json,,,
汀間嘉城.json,,,
江刺家館.json,,,
江口城.json,江口城,,
江尻城.json,江尻城,,
江尾城.json,江尾城,,
江州城.json,,,
江戸城.json,江戸城,,
江釣子城.json,江釣子城,141.07169444,39.29805556
江馬氏下館.json,江馬氏下館,,
池田城 (摂津国).json,池田城 (摂津国),135.42831111,34.82681472
池田城 (越中国射水郡).json,,,
池田城 (越中国新川郡).json,,,
池田城.json,池田城,,
沓掛城.json,沓掛城,,
沢田館.json,沢田館,141.13419444,40.57669444
河原城.json,河原城,134.19952778,35.40383333
河原田城.json,河原田城,,
河原高座城.json,,,
河口城.json,河口城,,
河後森城.json,河後森城,132.70861111,33.22361111
河村城.json,河村城,139.07711111,35.35580556
河瀬城.json,河瀬城,,
河越館.json,河越館,,
油川城.json,油川城,140.67130556,40.86080556
沼垂城.json,沼垂城,,
沼宮内城.json,,,
沼津城.json,沼津城,,
沼田城.json,沼田城,139.03902778,36.64872222
泊城 (うるま市).json,,,
泊城 (読谷村).json,,,
法勝寺城.json,法勝寺城,,
法師岡館.json,法師岡館,141.41083333,40.46972222
法楽寺城.json,,,
法華坊館.json,法華坊館,,
法華津本城.json,法華津本城,,
泗川城.json,,,
波切城.json,波切城,136.89880556,34.27594444
波賀城.json,波賀城,,
津久井城.json,津久井城,139.2788,35.583
津和野城.json,津和野城,,
津喜武多城.json,,,
津城.json,津城,,
津山城.json,津山城,,
津川城.json,津川城,,
津幡城.json,津幡城,,
津波城.json,,,
津田城.json,津田城,,
津辺城.json,津辺城,,
洲本城.json,洲本城,134.902875,34.33770278
浄法寺城.json,浄法寺城,141.15169444,40.18294444
浄福寺城.json,浄福寺城,139.24665556,35.67103333
浅井城 (越中国射水郡).json,浅井城 (越中国射水郡),,
浅井城 (越中国礪波郡).json,浅井城 (越中国礪波郡),136.93319444,36.74077778
浅水城.json,浅水城,141.29475,40.47472222
浅瀬石城.json,浅瀬石城,140.61680556,40.61919444
浜松城.json,浜松城,137.72490833,34.711775
浜田城.json,浜田城,,
浦城城.json,浦城城,131.76022222,32.63969444
浦戸城.json,浦戸城,133.57198611,33.49720278
浦添城.json,浦添城,127.73163611,26.24753889
浦賀城.json,浦賀城,139.72416667,35.24166667
浪岡城.json,浪岡城,,
海ノ口城.json,海ノ口城,138.50022222,36.03861111
海辺城.json,,,
海部城.json,海部城,134.35794444,33.59444444
涌谷城.json,涌谷城,141.13244444,38.54430556
淀古城.json,淀古城,135.71911361,34.91006139
淀城.json,淀城,135.71770278,34.90504722
淀山城.json,,,
淀川城.json,淀川城,,
淀江城.json,淀江城,,
淡河城.json,淡河城,,
淡輪城.json,,,
深井城 (下総国).json,,,
深井城.json,深井城,,
深堀陣屋.json,,,
深大寺城.json,深大寺城,139.55103056,35.66483333
深川城 (長門国).json,,,
深根城.json,深根城,,
深江城.json,,,
深沢城.json,深沢城,138.955463,35.321928
深溝城.json,深溝城,,
深見城.json,深見城,139.46880556,35.49355556
深谷城.json,深谷城,,
淵野辺城.json,淵野辺城,139.4075,35.57222222
清崎城.json,清崎城,,
清武城.json,清武城,131.38458333,31.86722222
清水城 (出羽国).json,清水城 (出羽国),,
清水城 (大隅国).json,,,
清水城 (薩摩国).json,清水城 (薩摩国),,
清水山城 (対馬国).json,清水山城 (対馬国),129.28383333,34.20888889
清水山城 (近江国).json,清水山城 (近江国),136.01972222,35.36027778
清洲城.json,清洲城,,
清滝城.json,清滝城,,
清色城.json,清色城,,
渋谷城.json,渋谷城,,
渟足柵.json,渟足柵,,
港山城.json,港山城,,
湊城.json,湊城,140.07111111,39.75752778
湯山城.json,湯山城,,
湯浅城.json,湯浅城,135.193801,34.035624
湯築城.json,湯築城,132.78674167,33.84810833
満久城.json,満久城,,
満願寺城.json,満願寺城,,
源氏ヶ峰城.json,源氏ヶ峰城,136.82416667,36.65472222
源範頼館.json,,,
溝延城.json,溝延城,,
滝の城.json,滝の城,139.532064,35.800317
滝山城 (摂津国).json,滝山城 (摂津国),,
滝山城.json,滝山城,,
瀬長城.json,,,
火根城.json,,,
火渡館.json,火渡館,141.53813889,39.40630556
烏山城.json,烏山城,140.1475,36.66388889
無動寺城.json,無動寺城,,
照屋城.json,,,
熊川城.json,,,
熊本城.json,熊本城,130.70589722,32.80602778
熊野城.json,熊野城,,
片倉城.json,片倉城,,
片切城.json,片切城,,
片山城.json,,,
片岡城.json,片岡城,135.70775,34.57713889
牛久保城.json,牛久保城,,
牛久城 (上総国).json,,,
牛久城.json,牛久城,,
牛尾城 (下総国).json,,,
牛尾城.json,牛尾城,,
牛岐城.json,牛岐城,134.65805556,33.92086111
牧之島城.json,牧之島城,137.99880556,36.56194444
牧野城 (三河国).json,牧野城 (三河国),,
犬尾城 (愛媛県).json,犬尾城 (愛媛県),132.53819444,33.27455556
犬居城.json,,,
犬山城.json,犬山城,136.93926111,35.38832222
犬飼城.json,犬飼城,139.83463889,36.53180556
狗尸那城.json,,,
猪去館.json,猪去館,141.07130556,39.67794444
猪子山城.json,,,
猪苗代城.json,猪苗代城,,
猿倉城.json,猿倉城,137.22833333,36.555
猿啄城.json,猿啄城,,
猿岡山城.json,猿岡山城,,
猿掛城.json,猿掛城,133.63733889,34.61
猿毛城.json,猿毛城,,
獅子城.json,獅子城,,
玄蕃尾城.json,玄蕃尾城,,
玉城城.json,玉城城,127.78080556,26.144
玉生城.json,玉生城,,
玉縄城.json,玉縄城,139.515,35.35344444
玉造要害山城.json,玉造要害山城,,
玖島城.json,玖島城,,
玖珠城.json,,,
現存天守.json,現存天守,,
瓦林城.json,瓦林城,,
甘崎城.json,甘崎城,133.056526,34.244627
生仁城.json,生仁城,,
生実城.json,生実城,140.14583333,35.56638889
生山城.json,生山城,133.32519444,35.16619444
生池城.json,,,
生田目城.json,生田目城,,
田中城 (肥後国).json,田中城 (肥後国),,
田中城 (越後国).json,,,
田中城.json,田中城,138.27460278,34.87200556
田丸城.json,田丸城,,
田代城.json,田代城,,
田内城.json,田内城,,
田原城 (三河国).json,田原城 (三河国),137.26972778,34.67349444
田原城 (河内国).json,田原城 (河内国),,
田名城.json,,,
田名部館.json,田名部館,141.20988889,41.296
田子館.json,田子館,141.14541667,40.33838889
田尾城.json,田尾城,133.73508333,33.96236111
田峰城.json,田峰城,,
田平御館.json,,,
田沢城 (信濃国).json,田沢城 (信濃国),,
田能城.json,,,
田舎館城.json,,,
田辺城 (丹後国).json,田辺城 (丹後国),,
田辺城 (紀伊国).json,田辺城 (紀伊国),135.37816667,33.72888889
田部原館.json,田部原館,,
田鎖城.json,田鎖城,141.89055556,39.62605556
甲之森城.json,甲之森城,132.75730556,33.38822222
甲山城.json,,,
甲府城.json,甲府城,138.57133889,35.66528889
畑谷城.json,畑谷城,,
畑野城.json,,,
畠中城.json,畠中城,,
畠山城.json,,,
疋壇城.json,疋壇城,,
発心城.json,発心城,,
登武那覇城.json,,,
白井城 (下総国).json,,,
白井城.json,白井城,139.0105,36.509
白地城.json,白地城,133.781,34.01563889
白山 (宗像市).json,白山 (宗像市),130.56886111,33.83852778
白山城 (安芸国).json,白山城 (安芸国),132.82594444,34.45369444
白山城 (尾張国).json,白山城 (尾張国),137.03463889,35.27486111
白山城 (甲斐国).json,白山城 (甲斐国),138.42194444,35.70083333
白岩城.json,白岩城,,
白旗城.json,白旗城,134.38073333,34.90838611
白河小峰城.json,白河小峰城,,
白石城.json,白石城,,
白鳥城 (出羽国).json,,,
白鳥城.json,白鳥城,137.16405556,36.69805556
白鳥舘遺跡.json,白鳥舘遺跡,141.13638889,39.02452778
白鹿城.json,白鹿城,,
百首城.json,百首城,,
百騎館.json,百騎館,,
皆川城.json,皆川城,139.68333333,36.39722222
益富城.json,益富城,,
盛岡城.json,盛岡城,141.15011111,39.69994722
直鳥城.json,直鳥城,,
相内館.json,相内館,,
相方城.json,相方城,,
相良城.json,相良城,138.19819444,34.68680556
真壁城 (琉球国).json,,,
真壁城.json,真壁城,140.11066667,36.27372222
真岡城.json,真岡城,140.00666667,36.44222222
真弓山城.json,真弓山城,137.32494167,35.13432222
真木城.json,,,
真木山城.json,,,
真栄里城.json,,,
真玉城.json,真玉城,,
真田本城.json,真田本城,138.32272222,36.44180556
真里谷城.json,真里谷城,140.11196944,35.34339722
真鳥山城.json,真鳥山城,139.6295,35.86452778
矢作城.json,矢作城,140.48758333,35.87186111
矢守城.json,矢守城,,
矢板城.json,矢板城,,
矢田城.json,矢田城,,
矢筈城.json,,,
矢筒城.json,矢筒城,,
矢野城.json,矢野城,132.53586111,34.326
知久平城.json,知久平城,,
知名城.json,,,
知念城.json,知念城,127.81111111,26.16027778
知花城.json,,,
知覧城.json,知覧城,130.44372222,31.36744444
石スク山城.json,,,
石井垣城.json,石井垣城,133.58280556,35.51544444
石動山城.json,石動山城,,
石原城.json,,,
石垣山城.json,石垣山城,139.12777778,35.23541667
石城 (伊予国).json,石城 (伊予国),132.53830556,33.28569444
石塚城 (日向国).json,石塚城 (日向国),,
石山本願寺.json,石山本願寺,135.52442278,34.68456306
石峠館.json,石峠館,141.92497222,39.5455
石川城.json,石川城,140.54405556,40.54880556
石戸城.json,,,
石母田城.json,石母田城,140.55594444,37.88988889
石田城.json,石田城,,
石神井城.json,石神井城,,
砥石城.json,砥石城,,
磐城平城.json,磐城平城,140.89075,37.05947222
磐舟柵.json,磐舟柵,,
磯子城.json,,,
神之峰城.json,神之峰城,,
神代城.json,,,
神吉城.json,神吉城,134.82938889,34.79511111
神尾山城.json,神尾山城,,
神山城 (伊勢国).json,神山城 (伊勢国),136.56504167,34.52510278
神岡城.json,神岡城,,
神戸城.json,神戸城,136.577425,34.87909722
神指城.json,神指城,139.8925,37.51111111
神楽尾城.json,,,
神西城.json,神西城,,
神辺城.json,神辺城,,
福与城 (松川町).json,福与城 (松川町),137.92669444,35.58555556
福与城.json,福与城,138.00030556,35.89569444
福井城 (摂津国).json,福井城 (摂津国),,
福井城.json,福井城,136.2209,36.06545556
福住中定城.json,福住中定城,135.91157167,34.61161083
福光城.json,福光城,,
福原城.json,福原城,140.06472222,36.80305556
福地氏城.json,,,
福山城 (備中国).json,福山城 (備中国),,
福山城 (備後国).json,福山城 (備後国),133.36112222,34.49103889
福岡城.json,福岡城,130.38310278,33.58438056
福島城 (信濃国).json,福島城 (信濃国),137.69463889,35.85502778
福島城 (越後国).json,福島城 (越後国),,
福島城.json,福島城,,
福知山城.json,福知山城,,
私部城.json,私部城,,
秋月城 (紀伊国).json,秋月城 (紀伊国),135.20405556,34.23005556
秋月城 (阿波国).json,秋月城 (阿波国),,
秋月城.json,秋月城,,
秋田城.json,秋田城,140.07972222,39.74055556
秋里城.json,,,
種市城.json,種市城,141.63680556,40.39430556
種里城.json,種里城,140.16611111,40.70444444
稲光城.json,,,
稲庭城.json,,,
稲村山城.json,稲村山城,,
稲荷山城.json,,,
穆佐城.json,穆佐城,131.33183333,31.93330556
積善寺城.json,積善寺城,,
穴水城.json,穴水城,136.91405556,37.22980556
立江城.json,立江城,,
立花山城.json,立花山城,,
竜王山城 (備中国).json,竜王山城 (備中国),,
竹ヶ鼻城.json,竹ヶ鼻城,136.70180556,35.32419444
竹中氏陣屋.json,竹中氏陣屋,,
竹山城.json,,,
竹橋城.json,,,
竹田城.json,竹田城,134.82888889,35.3
竹迫城.json,竹迫城,,
笠原城.json,,,
笠岡城.json,笠岡城,,
笠島城.json,,,
笠間城.json,笠間城,140.26748056,36.38248611
笹下城.json,笹下城,139.59736111,35.38802778
笹森城.json,笹森城,140.92222222,38.29444444
筒井城.json,筒井城,135.78280806,34.61997417
箕作城.json,箕作城,,
箕冠城.json,箕冠城,,
箕輪城 (信濃国).json,箕輪城 (信濃国),137.98180556,35.90055556
箕輪城.json,箕輪城,,
箱ヶ岳城.json,,,
箱田城.json,箱田城,139.04166667,36.46222222
篠原城 (横浜市).json,篠原城 (横浜市),139.62308333,35.50883333
篠山城.json,篠山城,,
篠脇城.json,篠脇城,,
籠谷城.json,籠谷城,139.97666667,36.49333333
米ケ崎城.json,米ケ崎城,,
米子城.json,米子城,,
米山城.json,,,
米本城.json,米本城,,
米沢城.json,米沢城,,
米津城.json,,,
米田城.json,,,
米須城.json,,,
糸数城.json,糸数城,127.7625,26.15138889
紙屋城.json,紙屋城,,
紫島城.json,紫島城,,
細野城.json,,,
結城城.json,結城城,139.88595556,36.30802222
綾城.json,綾城,131.24925,32.00330556
緒川城.json,緒川城,,
練馬城.json,練馬城,,
縦淵城 (伊予国).json,,,
繋城 (筑前国).json,,,
置塩城.json,置塩城,,
美和山城.json,,,
羽地城.json,,,
羽床城.json,,,
羽生城.json,羽生城,,
羽生田城.json,羽生田城,139.77722222,36.47416667
羽茂城.json,羽茂城,,
羽衣石城.json,羽衣石城,,
羽黒前館.json,,,
聖寿寺館.json,聖寿寺館,,
聚楽城.json,聚楽城,,
肥田城.json,,,
胆沢城.json,胆沢城,141.135,39.17972778
能島#能島城.json,能島,133.08083333,34.18277778
能見城.json,能見城,,
脇城.json,脇城,,
脇本城.json,脇本城,,
膳城.json,膳城,139.22322222,36.42127778
膳所城.json,膳所城,135.89535833,34.99527222
臥牛城 (肥前国).json,臥牛城 (肥前国),,
臼井城.json,臼井城,,
臼杵城.json,臼杵城,,
興国寺城.json,興国寺城,138.807449,35.141643
興津城.json,興津城,,
舘の山公園.json,舘の山公園,140.43722222,37.83194444
舞岳城 (筑前国).json,,,
舟山城.json,,,
舟岡城.json,,,
船上城.json,船上城,134.97488639,34.64786083
船上山城.json,船上山城,,
船匿城.json,,,
船岡城.json,船岡城,,
船岡山城.json,船岡山城,,
船越城.json,,,
芝崎城.json,芝崎城,,
芥川城.json,芥川城,,
芥川山城.json,芥川山城,135.58805556,34.88083333
花園城.json,,,
花尾城.json,花尾城,,
花崎遺跡.json,花崎遺跡,139.62805556,36.11166667
花巻城.json,花巻城,,
花沢城.json,花沢城,138.33097222,34.89825
花見山城 (伊予国).json,,,
花輪館.json,花輪館,,
花隈城.json,花隈城,135.18287556,34.68805861
苅安賀城.json,苅安賀城,,
苗木城.json,苗木城,137.48525,35.51319444
若山城.json,若山城,,
若松城 (筑前国).json,若松城 (筑前国),,
若松城.json,若松城,139.92978611,37.48771667
若林城.json,若林城,,
若桜鬼ヶ城.json,若桜鬼ヶ城,134.39822222,35.33658333
若江城.json,若江城,,
若神子城.json,若神子城,,
英賀城.json,英賀城,,
茂木城.json,茂木城,140.18555556,36.53666667
茅ヶ崎城.json,茅ヶ崎城,,
茨城 (古代山城).json,茨城 (古代山城),,
茨木城.json,茨木城,,
茶臼山城 (備前国).json,茶臼山城 (備前国),134.09240528,34.92411944
茶臼山城 (摂津国).json,茶臼山城 (摂津国),,
草津城.json,草津城,132.40011111,34.38136111
荏原城 (伊予国).json,,,
荏田城.json,荏田城,139.55594722,35.56089444
荒屋城.json,,,
荒山城 (加賀国).json,,,
荒山城 (能登国).json,,,
荒滝城.json,荒滝城,,
荒砥城 (出羽国).json,荒砥城 (出羽国),140.09833333,38.18694444
荒砥城.json,荒砥城,138.13644444,36.47980556
荒神山城.json,,,
荒隈城.json,荒隈城,,
荻町城.json,荻町城,,
荻野山中陣屋.json,荻野山中陣屋,139.33269444,35.48044444
菅谷館.json,菅谷館,139.32194444,36.03555556
菊池城.json,菊池城,130.81759183,32.98686583
菖蒲城.json,菖蒲城,139.59430556,36.06172222
菩提山城.json,菩提山城,,
萩原諏訪城.json,萩原諏訪城,,
萩城.json,萩城,131.38247778,34.41759167
萩森城.json,萩森城,,
葛原館.json,,,
葛尾城.json,葛尾城,138.17316667,36.47397222
葛山城 (信濃国).json,葛山城 (信濃国),,
葛山城 (駿河国).json,葛山城 (駿河国),,
葛巻城.json,葛巻城,141.43444444,40.04005556
葛西城.json,葛西城,,
蒔田城.json,蒔田城,139.60969444,35.42719444
蒲原城.json,蒲原城,138.60069444,35.12280556
蒲原津城.json,蒲原津城,,
蒲池城.json,蒲池城,,
蒲生城.json,,,
蓑島城.json,,,
蓬田城.json,蓬田城,140.64544444,40.98244444
蓮池城 (土佐国).json,蓮池城 (土佐国),133.41511111,33.49338889
蓮池城 (肥前国).json,蓮池城 (肥前国),130.35933333,33.24583333
蓮沼城.json,蓮沼城,136.8575,36.655
蓮華山城.json,蓮華山城,,
蔀山城.json,,,
蔚山城.json,蔚山城,,
蔦ヶ嶽城.json,蔦ヶ嶽城,,
蔵波城.json,蔵波城,,
蔵王堂城.json,蔵王堂城,,
蕨城.json,蕨城,139.68169444,35.82655556
薄衣城.json,薄衣城,141.26769444,38.89130556
藤尾城.json,,,
藤山城.json,,,
藤島城.json,藤島城,,
藤崎城.json,藤崎城,140.50044444,40.64780556
藤掛城.json,,,
藤橋城.json,藤橋城,,
虎丸城.json,虎丸城,134.31425,34.21630556
虎倉城.json,,,
虎城山城.json,虎城山城,135.82908333,33.51569444
虎居城.json,,,
虚空蔵城.json,,,
蛇山城.json,蛇山城,,
蟻尾城.json,,,
蠣崎城.json,蠣崎城,140.89048883,41.17054003
衣川関.json,,,
衣笠城 (紀伊国).json,衣笠城 (紀伊国),,
衣笠城.json,衣笠城,139.65463889,35.24561111
西尾城.json,西尾城,137.04861111,34.86277778
西島城 (肥前国).json,西島城 (肥前国),,
西明寺城.json,西明寺城,140.12055556,36.45444444
西条城 (阿波国).json,西条城 (阿波国),,
西溝口城.json,西溝口城,,
西生浦城.json,西生浦城,,
西銘城.json,,,
西階城.json,西階城,131.63505556,32.57019444
要害山城.json,要害山城,138.598225,35.70303611
見乃梁城.json,,,
覗山城.json,,,
覩城.json,,,
親城.json,,,
親川城.json,,,
観音寺城.json,観音寺城,,
観音山城.json,,,
角牟礼城.json,角牟礼城,,
角田城.json,角田城,140.77830556,37.96880556
角館城.json,角館城,140.56087222,39.60464722
詫間城.json,,,
諏訪原城.json,諏訪原城,138.11983333,34.81803889
谷地城.json,谷地城,,
谷地小屋城.json,,,
谷戸城.json,谷戸城,,
谷村城.json,谷村城,,
豊地城.json,豊地城,,
豊岡城.json,豊岡城,,
豊田城 (下総国).json,,,
豊田館.json,豊田館,,
豊見城城.json,,,
象ヶ森城.json,,,
貝吹山城.json,貝吹山城,,
貫城.json,,,
貴志城.json,,,
賀年城.json,賀年城,131.66758333,34.46202778
赤丸城.json,赤丸城,136.92136111,36.73722222
赤塚城.json,赤塚城,139.64363889,35.78457222
赤子田城.json,,,
赤山城.json,赤山城,139.74691667,35.85030556
赤木城.json,赤木城,135.95222222,33.89527778
赤田城.json,赤田城,,
赤穂城.json,赤穂城,134.38898333,34.74566944
赤穴城.json,赤穴城,,
赤谷城.json,赤谷城,,
赤谷山城.json,赤谷山城,,
赤館公園.json,赤館公園,140.37697222,37.04122222
超昇寺城.json,,,
越来城.json,越来城,,
越水城.json,越水城,,
越畑城.json,,,
足利城.json,足利城,139.44805556,36.35333333
足利氏館.json,足利氏館,,
足柄城.json,足柄城,139.01194444,35.32005556
跡部城.json,,,
躑躅ヶ崎館.json,躑躅ヶ崎館,138.57747222,35.68686389
軽米城.json,軽米城,141.46094444,40.32663889
辛垣城.json,辛垣城,,
辰市城.json,辰市城,,
農所城.json,,,
迫間城.json,迫間城,136.940985,35.433639
逆井城.json,逆井城,,
造海城.json,造海城,,
進士ヶ城.json,,,
道南十二館.json,道南十二館,,
道坪野城.json,道坪野城,,
道場城.json,,,
道本城.json,道本城,,
道竹城.json,道竹城,,
那古野城.json,那古野城,,
郡上八幡城.json,郡上八幡城,136.96145278,35.75328333
郡城.json,,,
郡山城 (大和国).json,郡山城 (大和国),135.77893889,34.65191667
郡山城 (摂津国).json,郡山城 (摂津国),,
郡山城 (陸奥国紫波郡).json,郡山城 (陸奥国紫波郡),,
都之城.json,都之城,,
都於郡城.json,都於郡城,,
酒見城.json,,,
里城.json,,,
重清城.json,重清城,,
重要文化財.json,重要文化財,,
野々美谷城.json,,,
野口城 (常陸国).json,野口城 (常陸国),,
野尻城 (日向国).json,野尻城 (日向国),,
野尻城 (越中国).json,野尻城 (越中国),136.91361111,36.60305556
野崎城 (河内国).json,野崎城 (河内国),,
野庭関城.json,野庭関城,139.57052778,35.38997222
野田城 (三河国).json,野田城 (三河国),,
野田城 (摂津国).json,野田城 (摂津国),135.478453,34.688611
野田城 (河内国).json,野田城 (河内国),,
野田城 (陸奥国).json,野田城 (陸奥国),,
野辺地城.json,野辺地城,141.12472222,40.86472222
野首城.json,野首城,,
金ケ崎城 (陸奥国).json,,,
金ヶ崎城.json,金ヶ崎城,136.07416667,35.66608333
金丸城.json,,,
金堀城.json,金堀城,,
金子城.json,金子城,133.27754444,33.94790833
金山城 (上総国).json,,,
金山城 (丹波国).json,金山城 (丹波国),135.11423611,35.11408333
金山城 (出羽国).json,金山城 (出羽国),140.34294444,38.88505556
金山城 (安房国).json,,,
金山城 (美濃国).json,金山城 (美濃国),137.09731667,35.45664722
金山城 (肥前国).json,,,
金山城 (陸奥国).json,金山城 (陸奥国),140.80272222,37.89702778
金川城.json,金川城,,
金杉城.json,金杉城,,
金武城.json,,,
金沢城.json,金沢城,136.65922778,36.56431667
金沢柵.json,金沢柵,,
金海竹島城.json,,,
金田一城.json,金田一城,141.301,40.31069444
金田城.json,金田城,129.27324167,34.30135556
金石城.json,金石城,,
釜山城.json,,,
釜山支城.json,,,
釜山鎮城.json,,,
釜蓋城.json,釜蓋城,,
釜谷城.json,,,
釣山城.json,,,
鈴尾城.json,鈴尾城,132.66802778,34.63280556
鈴岡城.json,鈴岡城,137.82666667,35.48388889
鉈尾山城.json,鉈尾山城,136.93172222,35.55863611
鉢形城.json,鉢形城,,
銭坂城.json,,,
鍋倉城 (陸奥国).json,鍋倉城 (陸奥国),,
鍋城.json,鍋城,130.932641,32.2858
鍋山城.json,鍋山城,137.29080556,36.15144444
鍋島陣屋.json,,,
鎌倉城.json,鎌倉城,139.54694444,35.31919444
鎌刃城.json,鎌刃城,,
鎌田城.json,,,
鏡山城 (伯耆国).json,鏡山城 (伯耆国),133.38244444,35.20655556
鏡山城.json,鏡山城,,
鑁阿寺.json,鑁阿寺,139.45225,36.33752778
長久保城.json,長久保城,,
長山城.json,,,
長岡城 (下総国).json,,,
長岡城.json,長岡城,,
長岡館.json,長岡館,141.19186111,39.54202778
長岩城 (筑後国).json,長岩城 (筑後国),,
長岩城 (豊前国).json,長岩城 (豊前国),,
長峰城.json,長峰城,,
長島城 (紀伊国).json,長島城 (紀伊国),,
長島城.json,長島城,136.69780556,35.09291667
長嶺城.json,,,
長森城.json,長森城,136.79916667,35.39777778
長沢東城.json,長沢東城,137.10972222,36.65194444
長沢西城.json,長沢西城,137.1075,36.65055556
長沼城 (下総国).json,長沼城 (下総国),,
長沼城 (信濃国).json,長沼城 (信濃国),,
長沼城 (陸奥国).json,長沼城 (陸奥国),,
長浜城 (伊豆国).json,長浜城 (伊豆国),,
長浜城 (近江国).json,長浜城 (近江国),136.26135278,35.37768056
長瀞城.json,長瀞城,,
長牛館.json,,,
長窪城.json,長窪城,,
長篠城.json,長篠城,137.55984722,34.92281667
長藪城.json,長藪城,135.61661111,34.35772222
長谷堂城.json,長谷堂城,,
長野城 (伊勢国).json,長野城 (伊勢国),136.365695,34.741895
長野城 (豊前国).json,長野城 (豊前国),,
長門城.json,長門城,,
長門浦城.json,,,
門司城.json,門司城,130.96872222,33.95805556
関城 (美濃国).json,関城 (美濃国),136.91899167,35.48813889
関宿城.json,関宿城,,
関山砦.json,関山砦,,
防己尾城.json,防己尾城,,
阿坂城.json,阿坂城,136.45438889,34.59366667
阿尾城.json,阿尾城,136.99244444,36.87925
阿弥陀ヶ峰城 (京都市).json,阿弥陀ヶ峰城 (京都市),,
阿木城.json,阿木城,137.46316667,35.4015
陣ヶ峯城.json,陣ヶ峯城,,
陣城.json,,,
陣笠城.json,,,
障子ヶ岳城.json,障子ヶ岳城,,
雁金城 (越後国).json,雁金城 (越後国),138.37569444,37.17169444
雁金山城.json,雁金山城,,
雉岡城.json,雉岡城,,
雑太城.json,雑太城,,
雑賀城.json,雑賀城,135.17118389,34.19070111
雑賀崎城.json,雑賀崎城,135.14094444,34.18830556
難波田城.json,難波田城,139.56768056,35.85833056
雨山・土丸城.json,,,
雨滝七曲城.json,,,
雨滝城.json,,,
雫石城.json,雫石城,140.98244444,39.68905556
霊仙山城.json,,,
霊山城.json,霊山城,140.68425,37.76997222
霜降城.json,霜降城,131.257775,34.01600278
霞城 (信濃国).json,霞城 (信濃国),,
霧山城.json,霧山城,,
露谷城.json,,,
青佐山城.json,青佐山城,,
青山城 (長門国).json,,,
青景城.json,,,
青木城 (武蔵国).json,青木城 (武蔵国),139.6265,35.47188889
青杉城.json,青杉城,,
青柳城.json,青柳城,138.03355556,36.43119444
青柳館.json,,,
青谷大平城.json,,,
青鳥城.json,青鳥城,,
革手城.json,革手城,,
鞆城.json,鞆城,,
鞍掛山城.json,鞍掛山城,,
鞠智城.json,鞠智城,130.78882222,33.00128889
韮山城.json,韮山城,,
音羽城.json,音羽城,136.28597222,34.99972222
頃藤城.json,頃藤城,,
順天城.json,順天城,,
須々万沼城.json,須々万沼城,,
須木城.json,須木城,,
須田城.json,須田城,,
須賀川城.json,須賀川城,,
領ヶ谷城.json,領ヶ谷城,,
頭崎城.json,頭崎城,132.82305556,34.47955556
頴娃城.json,頴娃城,,
顔戸城.json,,,
願海寺城.json,願海寺城,137.14083333,36.71736111
風早城.json,,,
風見城.json,風見城,,
飛山城.json,飛山城,139.966,36.55558333
飛鳥城.json,,,
飫肥城.json,飫肥城,131.35030278,31.62910556
飯久保城.json,飯久保城,136.95611111,36.80388889
飯山城.json,飯山城,138.36625,36.85638889
飯田城 (信濃国).json,飯田城 (信濃国),137.83247222,35.51188889
飯田城 (能登国).json,,,
飯盛山城 (備前国).json,飯盛山城 (備前国),,
飯盛山城.json,飯盛山城,,
飯羽間城.json,飯羽間城,,
飯野城 (下総国).json,,,
飯野城.json,飯野城,,
飯野陣屋.json,飯野陣屋,,
養宜館.json,養宜館,,
養郷小丸山城.json,,,
館城.json,館城,140.34325,41.87952778
館山城 (出羽国).json,館山城 (出羽国),,
館山城.json,館山城,139.85530556,34.98155556
館林城.json,館林城,139.54133333,36.24423611
首里城.json,首里城,127.719475,26.21703056
香春岳城.json,香春岳城,,
香西城.json,,,
香音寺城.json,,,
馬ヶ岳城.json,馬ヶ岳城,,
馬伏塚城.json,,,
馬加城.json,馬加城,,
馬坂城.json,,,
馬場館.json,馬場館,,
馬山城.json,,,
馬沙城.json,,,
馬籠城.json,馬籠城,137.56166667,35.52194444
馬越城.json,,,
馬関田城.json,馬関田城,,
馴馬城.json,馴馬城,,
駒ヶ嶺城.json,駒ヶ嶺城,,
駿府城.json,駿府城,138.38333333,34.97916667
騎西城.json,騎西城,,
高井城 (下総国).json,高井城 (下総国),140.03990556,35.93000833
高井城 (常陸国).json,高井城 (常陸国),140.17727778,36.07683333
高倉城 (陸奥国).json,高倉城 (陸奥国),,
高原城.json,高原城,,
高原諏訪城.json,高原諏訪城,,
高取城.json,高取城,,
高品城.json,高品城,,
高坂館.json,高坂館,139.40155556,36.00669444
高城 (新納院).json,高城 (新納院),131.47491667,32.16780556
高天神城.json,高天神城,,
高安城.json,高安城,135.65346111,34.61340833
高宮城.json,,,
高尾城 (伊予国).json,,,
高尾城 (加賀国).json,高尾城 (加賀国),136.63669444,36.51430556
高屋城.json,高屋城,,
高山城 (上総国).json,,,
高山城 (大和国).json,高山城 (大和国),,
高山城 (大隅国).json,高山城 (大隅国),,
高山城 (安芸国).json,高山城 (安芸国),,
高山城 (飛騨国).json,高山城 (飛騨国),,
高岡城 (下総国).json,,,
高岡城 (伊勢国).json,高岡城 (伊勢国),,
高岡城.json,高岡城,137.02055556,36.74916667
高峠城.json,,,
高島城.json,高島城,138.11201944,36.03979167
高崎城.json,高崎城,139.00423889,36.32407778
高崎山城.json,高崎山城,,
高嶺城.json,高嶺城,,
高平城.json,,,
高月城 (安房国).json,,,
高月城.json,高月城,,
高杉城.json,高杉城,,
高松城 (備中国).json,高松城 (備中国),133.82204444,34.693
高松城 (加賀国).json,,,
高松城 (讃岐国).json,高松城 (讃岐国),134.05038889,34.35005556
高根城 (浜松市).json,高根城 (浜松市),137.86722222,35.14944444
高根城.json,高根城,,
高桑城.json,高桑城,,
高梨氏館.json,高梨氏館,,
高槻城.json,高槻城,,
高津城.json,,,
高津戸城.json,高津戸城,139.28138889,36.43833333
高浜城.json,,,
高清水城.json,高清水城,141.01519444,38.65555556
高瀬城.json,高瀬城,132.86352222,35.36292222
高田城 (上総国).json,,,
高田城 (尾張国).json,高田城 (尾張国),136.83194444,35.35519444
高田城 (美作国).json,高田城 (美作国),,
高田城 (豊後国).json,高田城 (豊後国),,
高田城 (陸奥国).json,高田城 (陸奥国),,
高田城.json,高田城,138.25590833,37.1099
高畑城 (陸奥国).json,高畑城 (陸奥国),140.57230556,40.56844444
高畠城 (出羽国).json,高畠城 (出羽国),140.19980556,38.00105556
高知城.json,高知城,,
高祖城.json,高祖城,130.26861111,33.54833333
高穴城 (伊予国).json,,,
高腰城.json,,,
高見城.json,高見城,139.26377778,36.09083333
高谷城.json,,,
高遠城.json,高遠城,138.06280278,35.83307778
高野城.json,,,
高野山城.json,,,
高鍋城.json,高鍋城,131.50093333,32.12356111
高館.json,,,
髻山城.json,髻山城,,
鬼ノ城.json,鬼ノ城,133.76291389,34.72653611
鬼ヶ城.json,鬼ヶ城,136.11615556,33.89043611
鬼身城.json,,,
魚津城.json,魚津城,,
魚見岳台場.json,,,
鮎貝城.json,鮎貝城,140.07505556,38.19130556
鮫ヶ尾城.json,鮫ヶ尾城,,
鮭延城.json,鮭延城,140.24794444,38.84430556
鯰江城.json,鯰江城,136.24213889,35.10883333
鱒沢館.json,鱒沢館,,
鳥ヶ城.json,,,
鳥取城.json,鳥取城,134.24111111,35.51
鳥坂城.json,鳥坂城,,
鳥屋城 (紀伊国).json,鳥屋城 (紀伊国),135.27,34.0625
鳥海柵.json,鳥海柵,141.11555556,39.18855556
鳥籠山城.json,鳥籠山城,,
鳥羽城.json,鳥羽城,136.84454972,34.48082694
鳥越城.json,鳥越城,,
鳴海城.json,鳴海城,136.95036111,35.08158333
鳴滝不動山城.json,,,
鳶ヶ巣城.json,鳶ヶ巣城,132.77406667,35.40898889
鴨ヶ嶽城.json,鴨ヶ嶽城,,
鴨城.json,鴨城,136.91602778,36.72847222
鴨山城.json,鴨山城,,
鴫山城.json,鴫山城,,
鵜の丸城.json,,,
鵜沼城.json,鵜沼城,136.94598611,35.39460278
鵯尾城.json,鵯尾城,134.18369444,35.43680556
鶴ヶ城 (上総国).json,,,
鶴ヶ城 (紀伊国).json,鶴ヶ城 (紀伊国),135.49166667,33.89852778
鶴ヶ城 (美濃国).json,鶴ヶ城 (美濃国),137.26755556,35.39005556
鶴ヶ岡城.json,鶴ヶ岡城,,
鶴亀城.json,鶴亀城,,
鶴崎城.json,鶴崎城,131.69294,33.23867
鶴楯城.json,,,
鶴翔城.json,,,
鶴首城.json,鶴首城,133.53569444,34.77583333
鷲城.json,鷲城,139.78480556,36.3045
鷲尾城.json,鷲尾城,,
鷲尾山城.json,,,
鷹ノ巣城 (相模国).json,鷹ノ巣城 (相模国),139.05405556,35.22722222
鷹尾城.json,鷹尾城,,
鷺ノ森城.json,鷺ノ森城,133.08733333,33.93725
鷺山城.json,鷺山城,,
鷺沼城.json,鷺沼城,140.02580556,35.67836667
鹿児島城.json,鹿児島城,130.55441389,31.59825
鹿島館.json,鹿島館,141.08775,39.26922222
鹿嶋城.json,,,
鹿沼城.json,鹿沼城,139.74333333,36.5675
鹿背山城.json,鹿背山城,135.844,34.74597222
鹿野城.json,鹿野城,134.06387222,35.45868056
麓.json,麓,,
麓城 (美作国).json,,,
麦島城.json,麦島城,,
麻績城.json,麻績城,138.04505556,36.46794444
黒井城.json,黒井城,135.10405556,35.17916667
黒崎城.json,,,
黒沢尻柵.json,,,
黒瀬城.json,黒瀬城,132.50638889,33.35936111
黒田城 (尾張国).json,黒田城 (尾張国),136.78131944,35.34531944
黒石城.json,黒石城,,
黒羽城.json,黒羽城,140.12166667,36.86944444
黒野城.json,黒野城,,
龍ケ崎城.json,,,
龍岡城.json,龍岡城,138.50167,36.19602
龍松山城.json,,,
龍泉寺 (名古屋市守山区).json,龍泉寺 (名古屋市守山区),136.98452778,35.22325
龍王城 (豊後国).json,,,
龍王城.json,,,
龍王山城.json,龍王山城,135.87439611,34.56148278
龍野城.json,龍野城,,
